{
    "next_fit": {
        "g": 1.2950818840779785,
        "u": 1.2835351647995525,
        "h": 1.2910600194972115,
        "h2": 1.2987421318754095
    },
    "first_fit": {
        "g": 1.1307316837398553,
        "u": 1.1653358656276032,
        "h": 1.157481829687259,
        "h2": 1.136462826604391
    },
    "best_fit": {
        "g": 1.1227959388173685,
        "u": 1.1614759695841634,
        "h": 1.1522870878754012,
        "h2": 1.1279757221302267
    },
    "worst_fit": {
        "g": 1.1691420898362903,
        "u": 1.1809951859995518,
        "h": 1.1806604186821468,
        "h2": 1.1728232686448998
    },
    "random_fit": {
        "g": 1.1387609197709385,
        "u": 1.1682867405728883,
        "h": 1.1613917717840632,
        "h2": 1.1430093375427595
    }
}